{"cameraMode":{"drawMode":0,"name":"Shaded","section":"Shading Mode"},"sceneLighting":false,"audioPlay":false,"sceneViewState":{"showFog":false,"showMaterialUpdate":false,"showSkybox":false,"showFlares":false,"showImageEffects":false,"showParticleSystems":false},"in2DMode":false,"pivot":{"x":-9.818466186523438,"y":3.535761833190918,"z":0.07968749850988388},"rotation":{"x":-0.028584036976099016,"y":0.9523451924324036,"z":-0.28866735100746157,"w":-0.09430165588855744},"size":51.83818817138672,"orthographic":false}