{"cameraMode":{"drawMode":0,"name":"Shaded","section":"Shading Mode"},"sceneLighting":true,"audioPlay":false,"sceneViewState":{"showFog":false,"showMaterialUpdate":false,"showSkybox":false,"showFlares":false,"showImageEffects":false,"showParticleSystems":false},"in2DMode":false,"pivot":{"x":-48.872432708740237,"y":-22.54934310913086,"z":-1.4547756910324097},"rotation":{"x":-0.02070716954767704,"y":0.009595228359103203,"z":-0.00019825657363981009,"w":-0.9997395873069763},"size":280.37335205078127,"orthographic":false}